2012-08-27,2012-08-26_1043,h,4306,Omar,Vizquel,14,David,Phelps,10,2,"Slugging .292 in 89 ABs against other middle-tier righties since last year."
2012-08-27,2012-08-26_1043,h,5406,Derek,Jeter,10,Ricky,Romero,14,4,"Has a Batting Average of .339 (19-for-56) vs. other middle-tier, left-handed pitchers since last season."
2012-08-27,2012-08-26_1043,h,5164,Chipper,Jones,15,Casey,Kelly,25,"n/a","Not enough recent matchup data"
2012-08-27,2012-08-26_1043,h,5846,Mark,Kotsay,25,Paul,Maholm,15,2,"Batting only .176 (3-for-17) against soft throwing lefties since last season."
2012-08-27,2012-08-26_1043,h,5665,Raul,Ibanez,10,Ricky,Romero,14,2,"Reached base 7 times in 39 PAs (.179 On Base Average) vs. left-handed pitchers in the middle-tier since last year."
2012-08-27,2012-08-26_1043,h,5586,Miguel,Cairo,17,Trevor,Cahill,29,2,"Reached base 2 times in 13 PAs (.154 On Base Average) against pitchers like Cahill since last season."
2012-08-27,2012-08-26_1043,h,6318,Adam,Kennedy,19,Jeff,Francis,27,2,"Reached base only 4 times in 14 PAs (.286 On Base Average) versus similar lower-tier, left-handed pitchers since last season."
2012-08-27,2012-08-26_1043,h,5681,Andruw,Jones,10,Ricky,Romero,14,2,"Slugging just .286 in 14 ABs vs. Romero since last year."
2012-08-27,2012-08-26_1043,h,5668,Scott,Rolen,17,Trevor,Cahill,29,4,"Well-Hit Average is .375 (6-for-16) against pitchers similar to Cahill since last season."
2012-08-27,2012-08-26_1043,h,7681,Nelson,Cruz,13,David,Price,30,5,"Has 3 hits in 9 ABs vs. Price since last season."
2012-08-27,2012-08-26_1043,h,5908,Paul,Konerko,4,Wei-Yin,Chen,1,4,"Slugging .477 in 111 ABs versus similar top-tier, left-handed pitchers since last year."
2012-08-27,2012-08-26_1043,h,5909,David,Ortiz,2,Luke,Hochevar,7,5,"Slugging .500 in 38 ABs against pitchers like Hochevar since last year."
2012-08-27,2012-08-26_1043,h,6014,Aramis,Ramirez,8,Justin,Germano,16,4,"Slugging .542 in 166 ABs against other middle-tier, right-handed pitchers since last year."
2012-08-27,2012-08-26_1043,h,6039,Adrian,Beltre,13,David,Price,30,3,"Well-Hit Average of .318 in 85 ABs vs. hard throwing left handers this year."
2012-08-27,2012-08-26_1043,h,6132,Carlos,Beltran,24,AJ,Burnett,23,5,"Has 3 hits in 7 ABs vs. Burnett since last year."
2012-08-27,2012-08-26_1043,h,6114,Eric,Chavez,10,Ricky,Romero,14,2,"Slugging just .143 in 7 ABs against pitchers similar to Romero since last season."
2012-08-27,2012-08-26_1043,h,6109,A.J.,Pierzynski,4,Wei-Yin,Chen,1,4,"Has 13 hits in 45 ABs (.289 Batting Average) against left-handed pitchers in the top-tier this year."
2012-08-27,2012-08-26_1043,h,6258,Ramon,Hernandez,27,Josh,Beckett,19,2,"Reached base 45 times in 161 PAs (.280 On Base Average) vs. other top-tier, right-handed pitchers since last season."
2012-08-27,2012-08-26_1043,h,6269,John,McDonald,29,Bronson,Arroyo,17,3,"Matchup data very neutral, but favors Arroyo slightly."
2012-08-27,2012-08-26_1043,h,6307,Geoff,Blum,29,Bronson,Arroyo,17,1,"Well-Hit Average of .000 in 12 ABs against other top-tier right handers since last season."
2012-08-27,2012-08-26_1043,h,6330,Jose,Molina,30,Derek,Holland,13,2,"Slugging just .174 in 23 ABs vs. pitchers like Holland since last season."
2012-08-27,2012-08-26_1043,h,6154,Alfonso,Soriano,16,Marco,Estrada,8,4,"Slugging .690 in 42 ABs vs. pitchers similar to Estrada since last season."
2012-08-27,2012-08-26_1043,h,6404,Rafael,Furcal,24,AJ,Burnett,23,3,"Batting .300 (6-for-20) against pitchers similar to Burnett since last year."
2012-08-27,2012-08-26_1043,h,6368,Rod,Barajas,23,Kyle,Lohse,24,4,"Slugging .800 in 5 ABs against Lohse since last season."
2012-08-27,2012-08-26_1043,h,6679,Josh,Hamilton,13,David,Price,30,3,"Batting .300 (21-for-70) vs. other top-tier, left-handed pitchers this year."
2012-08-27,2012-08-26_1043,h,6442,Dewayne,Wise,4,Wei-Yin,Chen,1,2,"Reached base just 2 times in 22 PAs (.091 On Base Average) vs. other top-tier, left-handed pitchers since last season."
2012-08-27,2012-08-26_1043,h,6621,Carlos,Pena,30,Derek,Holland,13,1,"Slugging only .227 in 44 ABs against left-handed pitchers in the middle-tier since last season."
2012-08-27,2012-08-26_1043,h,7344,Matt,Treanor,19,Jeff,Francis,27,1,"Slugging .250 in 12 ABs vs. other soft throwing left handed pitchers since last year."
2012-08-27,2012-08-26_1043,h,7024,Jamey,Carroll,9,Felix,Hernandez,12,2,"Reached base only 90 times in 293 PAs (.307 On Base Average) vs. other top-tier, right-handed pitchers since last year."
2012-08-27,2012-08-26_1043,h,6795,Yorvit,Torrealba,14,David,Phelps,10,3,"Has a Batting Average of .292 (40-for-137) against right-handed pitchers in the top-tier since last year."
2012-08-27,2012-08-26_1043,h,6796,Cody,Ransom,8,Justin,Germano,16,1,"Well-Hit Average is .167 (4-for-24) vs. other soft throwing righties since last season."
2012-08-27,2012-08-26_1043,h,6645,Eric,Hinske,15,Casey,Kelly,25,"n/a","Not enough recent matchup data"
2012-08-27,2012-08-26_1043,h,6805,Juan,Rivera,19,Jeff,Francis,27,2,"Has 11 hits in 56 ABs (.196 Batting Average) against soft throwing left handers since last season."
2012-08-27,2012-08-26_1043,h,6489,Scott,Podsednik,2,Luke,Hochevar,7,2,"Well-Hit Average is .063 in 48 ABs versus similar top-tier, right-handed pitchers since last year."
2012-08-27,2012-08-26_1043,h,6793,Nick,Punto,19,Jeff,Francis,27,2,"Slugging .000 in 12 ABs against left-handed pitchers in the lower-tier since last season."
2012-08-27,2012-08-26_1043,h,6698,Juan,Uribe,19,Jeff,Francis,27,2,"Well-Hit Average of .138 in 29 ABs vs. soft throwing lefties since last season."
2012-08-27,2012-08-26_1043,h,6862,Ryan,Ludwick,17,Trevor,Cahill,29,4,"Slugging .660 in 47 ABs vs. right handers with high groundball percentages since last season."
2012-08-27,2012-08-26_1043,h,6615,Ichiro,Suzuki,10,Ricky,Romero,14,2,"Well-Hit Average is just .154 in 13 ABs vs. Romero since last year."
2012-08-27,2012-08-26_1043,h,7774,Jack,Hannahan,5,Brett,Anderson,11,2,"Slugging .083 in 12 ABs against pitchers similar to Anderson since last year."
2012-08-27,2012-08-26_1043,h,6763,Adam,Dunn,4,Wei-Yin,Chen,1,2,"Reached base 38 times in 123 PAs (.309 On Base Average) vs. left-handed pitchers in the top-tier since last year."
2012-08-27,2012-08-26_1043,h,7028,Miguel,Olivo,12,Liam,Hendriks,9,1,"Hendriks generally performs well against hitters like Olivo"
2012-08-27,2012-08-26_1043,h,6986,Chone,Figgins,12,Liam,Hendriks,9,2,"Hendriks generally performs well against hitters like Figgins"
2012-08-27,2012-08-26_1043,h,6899,Mark,Ellis,19,Jeff,Francis,27,3,"Slugging .457 in 46 ABs vs. soft throwing left handed pitchers since last year."
2012-08-27,2012-08-26_1043,h,6857,Brandon,Phillips,17,Trevor,Cahill,29,4,"Batting Average is .343 (36-for-105) against other middle-tier, right-handed pitchers since last season."
2012-08-27,2012-08-26_1043,h,6956,David,Ross,15,Casey,Kelly,25,"n/a","Not enough recent matchup data"
2012-08-27,2012-08-26_1043,h,7104,Shane,Victorino,19,Jeff,Francis,27,4,"Well-Hit Average of .391 in 23 ABs vs. pitchers like Francis since last year."
2012-08-27,2012-08-26_1043,h,6968,Wil,Nieves,29,Bronson,Arroyo,17,1,"Slugging only .316 in 19 ABs against other top-tier right handers since last season."
2012-08-27,2012-08-26_1043,h,6983,Coco,Crisp,11,Roberto,Hernandez,5,5,"Has 11 hits in 24 ABs (.458 Batting Average) against pitchers like Hernandez since last year."
2012-08-27,2012-08-26_1043,h,7118,Reed,Johnson,15,Casey,Kelly,25,"n/a","Not enough recent matchup data"
2012-08-27,2012-08-26_1043,h,6788,Mark,Teixeira,10,Ricky,Romero,14,5,"Well-Hit Average of .429 in 14 ABs vs. Romero since last season."
2012-08-27,2012-08-26_1043,h,7053,Cody,Ross,2,Luke,Hochevar,7,2,"Well-Hit Average of .192 (43-for-224) against right-handed pitchers in the top-tier since last year."
2012-08-27,2012-08-26_1043,h,7063,Justin,Morneau,9,Felix,Hernandez,12,2,"Has 0 well-hit balls in 4 ABs against Hernandez since last season."
2012-08-27,2012-08-26_1043,h,7142,Ray,Olmedo,4,Wei-Yin,Chen,1,1,"Chen typically has the edge against hitters like Olmedo"
2012-08-27,2012-08-26_1043,h,7061,Lew,Ford,1,Francisco,Liriano,4,2,"Well-Hit Average is .200 in 15 ABs against hard throwing lefties since last year."
2012-08-27,2012-08-26_1043,h,7049,Kevin,Youkilis,4,Wei-Yin,Chen,1,3,"Matchup data very neutral, but favors Youkilis slightly."
2012-08-27,2012-08-26_1043,h,7231,Clint,Barmes,23,Kyle,Lohse,24,1,"Slugging only .335 in 260 ABs vs. other top-tier right handers since last season."
2012-08-27,2012-08-26_1043,h,7421,Wilson,Valdez,17,Trevor,Cahill,29,3,"Matchup data very neutral, but favors Valdez slightly."
2012-08-27,2012-08-26_1043,h,7232,David,DeJesus,16,Marco,Estrada,8,2,"Has just 1 hit in 6 ABs against Estrada since last season."
2012-08-27,2012-08-26_1043,h,8127,Ryan,Hanigan,17,Trevor,Cahill,29,3,"Has 6 hits in 19 ABs (.316 Batting Average) against pitchers similar to Cahill since last year."
2012-08-27,2012-08-26_1043,h,7213,Rickie,Weeks,8,Justin,Germano,16,2,"Batting .188 in 32 ABs against other soft throwing right handed pitchers since last season."
2012-08-27,2012-08-26_1043,h,7245,Jonny,Gomes,11,Roberto,Hernandez,5,1,"Has 9 hits in 46 ABs (.196 Batting Average) against other middle-tier, right-handed pitchers since last year."
2012-08-27,2012-08-26_1043,h,7373,Josh,Willingham,9,Felix,Hernandez,12,3,"Reached base 17 times in 47 PAs (.362 On Base Average) against pitchers similar to Hernandez since last season."
2012-08-27,2012-08-26_1043,h,7054,Adrian,Gonzalez,19,Jeff,Francis,27,4,"Slugging .619 in 63 ABs against soft throwing left handed pitchers since last year."
2012-08-27,2012-08-26_1043,h,7564,Ryan,Doumit,9,Felix,Hernandez,12,2,"Well-Hit Average of only .182 in 22 ABs against pitchers similar to Hernandez since last season."
2012-08-27,2012-08-26_1043,h,7521,Luke,Scott,30,Derek,Holland,13,2,"Reached base 8 times in 31 PAs (.258 On Base Average) against left-handed pitchers in the middle-tier since last season."
2012-08-27,2012-08-26_1043,h,7435,Nick,Swisher,10,Ricky,Romero,14,4,"Has 19 hits in 51 ABs (.373 Batting Average) against pitchers with similar repertoires since last year."
2012-08-27,2012-08-26_1043,h,7296,Jeff,Mathis,14,David,Phelps,10,1,"Reached base 20 times in 97 PAs (.206 On Base Average) vs. right-handed pitchers in the top-tier since last year."
2012-08-27,2012-08-26_1043,h,7293,Casey,Kotchman,5,Brett,Anderson,11,2,"Has a Batting Average of .125 (3-for-24) against pitchers similar to Anderson since last season."
2012-08-27,2012-08-26_1043,h,7567,Skip,Schumaker,24,AJ,Burnett,23,2,"Well-Hit Average of just .143 in 14 ABs vs. pitchers like Burnett since last year."
2012-08-27,2012-08-26_1043,h,7558,Kelly,Johnson,14,David,Phelps,10,2,"Batting just .204 (56-for-275) vs. other top-tier, right-handed pitchers since last year."
2012-08-27,2012-08-26_1043,h,8168,Jayson,Nix,10,Ricky,Romero,14,2,"Slugging .250 in 20 ABs against pitchers with similar repertoires since last year."
2012-08-27,2012-08-26_1043,h,7333,BJ,Upton,30,Derek,Holland,13,4,"Well-Hit Average is .333 (4-for-12) vs. Holland since last season."
2012-08-27,2012-08-26_1043,h,7311,Matt,Holliday,24,AJ,Burnett,23,4,"Has 2 hits in 4 ABs against Burnett since last season."
2012-08-27,2012-08-26_1043,h,7254,Alex,Rios,4,Wei-Yin,Chen,1,4,"Slugging .641 in 64 ABs against other top-tier, left-handed pitchers this season."
2012-08-27,2012-08-26_1043,h,7278,Edwin,Encarnacion,14,David,Phelps,10,5,"Slugging .517 in 147 ABs against right-handed pitchers in the top-tier this season."
2012-08-27,2012-08-26_1043,h,7276,Dioner,Navarro,17,Trevor,Cahill,29,2,"Well-Hit Average of .063 in 16 ABs against pitchers with similar repertoires since last season."
2012-08-27,2012-08-26_1043,h,7497,Robinson,Cano,10,Ricky,Romero,14,4,"Batting Average is .400 (6-for-15) vs. Romero since last year."
2012-08-27,2012-08-26_1043,h,8072,Shelley,Duncan,5,Brett,Anderson,11,1,"Slugging only .212 in 33 ABs against pitchers similar to Anderson since last season."
2012-08-27,2012-08-26_1043,h,7062,Joe,Mauer,9,Felix,Hernandez,12,2,"Slugging .343 in 35 ABs against right handed pitchers with good changeups since last year."
2012-08-27,2012-08-26_1043,h,7425,Jason,Kubel,29,Bronson,Arroyo,17,4,"Batting .333 (4-for-12) vs. other soft throwing righties since last season."
2012-08-27,2012-08-26_1043,h,7283,J.J.,Hardy,1,Francisco,Liriano,4,2,"Reached base 10 times in 33 PAs (.303 On Base Average) vs. pitchers similar to Liriano since last season."
2012-08-27,2012-08-26_1043,h,7455,Curtis,Granderson,10,Ricky,Romero,14,2,"Has 2 hits in 11 ABs (.182 Batting Average) against Romero since last season."
2012-08-27,2012-08-26_1043,h,7414,Jeff,Keppinger,30,Derek,Holland,13,4,"Has 4 hits in 7 ABs vs. Holland since last year."
2012-08-27,2012-08-26_1043,h,7513,Nate,McLouth,1,Francisco,Liriano,4,1,"Well-Hit Average of just .080 (2-for-25) against hard throwing left handers since last year."
2012-08-27,2012-08-26_1043,h,7483,Aaron,Hill,29,Bronson,Arroyo,17,5,"Well-Hit Average of .333 in 15 ABs against other soft throwing right handed pitchers since last season."
2012-08-27,2012-08-26_1043,h,8024,Garrett,Jones,23,Kyle,Lohse,24,5,"Slugging .806 in 31 ABs against pitchers like Lohse since last season."
2012-08-27,2012-08-26_1043,h,7345,Yadier,Molina,24,AJ,Burnett,23,4,"Well-Hit Average of .421 (8-for-19) against pitchers with similar repertoires since last year."
2012-08-27,2012-08-26_1043,h,7488,Hanley,Ramirez,19,Jeff,Francis,27,2,"Slugging .308 in 13 ABs vs. pitchers similar to Francis since last year."
2012-08-27,2012-08-26_1043,h,7662,Geovany,Soto,13,David,Price,30,2,"Slugging just .269 in 108 ABs vs. hard throwing left handed pitchers since last season."
2012-08-27,2012-08-26_1043,h,7835,Rajai,Davis,14,David,Phelps,10,2,"Well-Hit Average is .164 (25-for-152) vs. right-handed pitchers in the top-tier since last year."
2012-08-27,2012-08-26_1043,h,7498,Shin-Soo,Choo,5,Brett,Anderson,11,1,"Well-Hit Average of just .136 in 22 ABs vs. pitchers like Anderson since last season."
2012-08-27,2012-08-26_1043,h,7812,Adam,Jones,1,Francisco,Liriano,4,5,"Has 3 hits in 8 ABs against Liriano since last year."
2012-08-27,2012-08-26_1043,h,7826,Ryan,Roberts,30,Derek,Holland,13,2,"Slugging only .269 in 26 ABs vs. left-handed pitchers in the middle-tier since last year."
2012-08-27,2012-08-26_1043,h,7859,Adam,Lind,14,David,Phelps,10,3,"Matchup data very neutral, but favors Lind slightly."
2012-08-27,2012-08-26_1043,h,8204,Elliot,Johnson,30,Derek,Holland,13,1,"Well-Hit Average is just .143 in 35 ABs against pitchers similar to Holland since last year."
2012-08-27,2012-08-26_1043,h,8368,John,Jaso,12,Liam,Hendriks,9,5,"Hendriks generally struggles against hitters like Jaso"
2012-08-27,2012-08-26_1043,h,8066,Luis,Hernandez,13,David,Price,30,"n/a","Not enough recent matchup data"
2012-08-27,2012-08-26_1043,h,7551,Brayan,Pena,7,Daisuke,Matsuzaka,2,3,"Matchup data very neutral, but favors Pena slightly."
2012-08-27,2012-08-26_1043,h,8023,Carlos,Gomez,8,Justin,Germano,16,2,"Well-Hit Average of .150 in 20 ABs vs. soft throwing right handed pitchers since last season."
2012-08-27,2012-08-26_1043,h,7569,Brian,McCann,15,Casey,Kelly,25,"n/a","Not enough recent matchup data"
2012-08-27,2012-08-26_1043,h,7737,Martin,Prado,15,Casey,Kelly,25,"n/a","Not enough recent matchup data"
2012-08-27,2012-08-26_1043,h,7594,Jeff,Francoeur,7,Daisuke,Matsuzaka,2,2,"Batting .190 (4-for-21) against pitchers similar to Matsuzaka since last year."
2012-08-27,2012-08-26_1043,h,8401,Elvis,Andrus,13,David,Price,30,2,"Well-Hit Average of .200 (2-for-10) against Price since last year."
2012-08-27,2012-08-26_1043,h,7336,Corey,Hart,8,Justin,Germano,16,2,"Slugging only .286 in 7 ABs against pitchers with similar repertoires since last season."
2012-08-27,2012-08-26_1043,h,7490,Ian,Kinsler,13,David,Price,30,4,"Well-Hit Average of .345 in 29 ABs against pitchers like Price since last season."
2012-08-27,2012-08-26_1043,h,7947,Asdrubal,Cabrera,5,Brett,Anderson,11,2,"Has 0 well-hit balls in 4 ABs against Anderson since last season."
2012-08-27,2012-08-26_1043,h,8484,Jesus,Guzman,25,Paul,Maholm,15,3,"Batting Average is .294 (35-for-119) against left-handed pitchers in the top-tier since last year."
2012-08-27,2012-08-26_1043,h,7979,Bryan,LaHair,16,Marco,Estrada,8,2,"Reached base 6 times in 20 PAs (.300 On Base Average) against pitchers like Estrada since last season."
2012-08-27,2012-08-26_1043,h,7648,Robert,Andino,1,Francisco,Liriano,4,4,"Slugging .667 in 6 ABs against Liriano since last season."
2012-08-27,2012-08-26_1043,h,8033,Tony,Abreu,7,Daisuke,Matsuzaka,2,"n/a","Not enough recent matchup data"
2012-08-27,2012-08-26_1043,h,8373,AJ,Ellis,19,Jeff,Francis,27,4,"Has 4 well-hit balls in 8 ABs vs. other lower-tier, left-handed pitchers since last season."
2012-08-27,2012-08-26_1043,h,7780,Matt,Kemp,19,Jeff,Francis,27,5,"Well-Hit Average of .343 in 35 ABs against pitchers similar to Francis since last season."
2012-08-27,2012-08-26_1043,h,8467,Xavier,Paul,17,Trevor,Cahill,29,4,"Reached base 13 times in 33 PAs (.394 On Base Average) vs. right-handed pitchers in the middle-tier since last season."
2012-08-27,2012-08-26_1043,h,8297,John,Baker,25,Paul,Maholm,15,3,"Batting .250 in 12 ABs vs. soft throwing lefties since last season."
2012-08-27,2012-08-26_1043,h,7628,Russell,Martin,10,Ricky,Romero,14,5,"Well-Hit Average is .400 in 10 ABs vs. Romero since last season."
2012-08-27,2012-08-26_1043,h,7615,Omar,Quintanilla,1,Francisco,Liriano,4,1,"Has 2 hits in 17 ABs (.118 Batting Average) vs. hard throwing left handers since last year."
2012-08-27,2012-08-26_1043,h,7710,Andre,Ethier,19,Jeff,Francis,27,3,"Slugging .465 in 43 ABs against other lower-tier, left-handed pitchers since last year."
2012-08-27,2012-08-26_1043,h,8344,Alcides,Escobar,7,Daisuke,Matsuzaka,2,2,"Well-Hit Average is .167 (3-for-18) against pitchers like Matsuzaka since last season."
2012-08-27,2012-08-26_1043,h,8591,Mike,McCoy,14,David,Phelps,10,2,"Slugging .320 in 50 ABs vs. other middle-tier right handers since last season."
2012-08-27,2012-08-26_1043,h,8042,Brendan,Ryan,12,Liam,Hendriks,9,1,"Has 0 well-hit balls in 9 ABs against pitchers with similar repertoires since last year."
2012-08-27,2012-08-26_1043,h,8365,Luis,Cruz,19,Jeff,Francis,27,5,"Francis generally struggles against hitters like Cruz"
2012-08-27,2012-08-26_1043,h,8082,Brandon,Moss,11,Roberto,Hernandez,5,5,"Has a Batting Average of .533 (8-for-15) against righties groundball pitchers since last season."
2012-08-27,2012-08-26_1043,h,7631,Dustin,Pedroia,2,Luke,Hochevar,7,4,"Has 2 hits in 5 ABs against Hochevar since last season."
2012-08-27,2012-08-26_1043,h,7862,David,Murphy,13,David,Price,30,2,"Reached base 18 times in 69 PAs (.261 On Base Average) against left-handed pitchers in the top-tier since last season."
2012-08-27,2012-08-26_1043,h,8359,Casey,McGehee,10,Ricky,Romero,14,2,"Reached base just 4 times in 19 PAs (.211 On Base Average) against pitchers like Romero since last year."
2012-08-27,2012-08-26_1043,h,7855,Alexi,Casilla,9,Felix,Hernandez,12,1,"Has 6 hits in 32 ABs (.188 Batting Average) against pitchers similar to Hernandez since last year."
2012-08-27,2012-08-26_1043,h,7692,Dan,Uggla,15,Casey,Kelly,25,"n/a","Not enough recent matchup data"
2012-08-27,2012-08-26_1043,h,8592,Chris,Nelson,27,Josh,Beckett,19,4,"Matchup data very neutral, but favors Nelson slightly."
2012-08-27,2012-08-26_1043,h,8235,Jonathan,Herrera,27,Josh,Beckett,19,1,"Well-Hit Average of only .128 (19-for-148) vs. other top-tier, right-handed pitchers since last year."
2012-08-27,2012-08-26_1043,h,8571,Neil,Walker,23,Kyle,Lohse,24,4,"Has 6 hits in 14 ABs (.429 Batting Average) vs. Lohse since last season."
2012-08-27,2012-08-26_1043,h,7485,Carlos,Quentin,25,Paul,Maholm,15,5,"Reached base 36 times in 91 PAs (.396 On Base Average) versus similar top-tier, left-handed pitchers since last year."
2012-08-27,2012-08-26_1043,h,8213,Denard,Span,9,Felix,Hernandez,12,1,"Well-Hit Average is just .202 (44-for-218) against other top-tier, right-handed pitchers since last year."
2012-08-27,2012-08-26_1043,h,8361,Luis,Valbuena,16,Marco,Estrada,8,2,"Has 0 hits in 7 ABs against pitchers with similar repertoires since last season."
2012-08-27,2012-08-26_1043,h,7828,Michael,Bourn,15,Casey,Kelly,25,"n/a","Not enough recent matchup data"
2012-08-27,2012-08-26_1043,h,7829,Ben,Zobrist,30,Derek,Holland,13,4,"Batting .364 (4-for-11) against Holland since last year."
2012-08-27,2012-08-26_1043,h,7665,Chris,Denorfia,25,Paul,Maholm,15,3,"Has 6 hits in 22 ABs (.273 Batting Average) vs. pitchers similar to Maholm since last year."
2012-08-27,2012-08-26_1043,h,8261,Joe,Mather,16,Marco,Estrada,8,2,"Batting just .136 (8-for-59) against right-handed pitchers in the top-tier since last year."
2012-08-27,2012-08-26_1043,h,7857,Chris,Stewart,10,Ricky,Romero,14,4,"Reached base 3 times in 8 PAs (.375 On Base Average) vs. pitchers similar to Romero since last season."
2012-08-27,2012-08-26_1043,h,7738,Chris,Young,29,Bronson,Arroyo,17,2,"Slugging .125 in 8 ABs against Arroyo since last season."
2012-08-27,2012-08-26_1043,h,8034,Ryan,Braun,8,Justin,Germano,16,4,"Slugging .512 in 166 ABs against other middle-tier, right-handed pitchers since last year."
2012-08-27,2012-08-26_1043,h,7941,George,Kottaras,11,Roberto,Hernandez,5,3,"Well-Hit Average of .294 (5-for-17) against right handers groundball pitchers since last year."
2012-08-27,2012-08-26_1043,h,7865,Miguel,Montero,29,Bronson,Arroyo,17,5,"Slugging .765 in 17 ABs against other soft throwing right handers since last year."
2012-08-27,2012-08-26_1043,h,7560,Stephen,Drew,11,Roberto,Hernandez,5,4,"Slugging .531 in 64 ABs vs. right-handed pitchers in the middle-tier since last season."
2012-08-27,2012-08-26_1043,h,9094,Norichika,Aoki,8,Justin,Germano,16,2,"Well-Hit Average of .180 (9-for-50) against other middle-tier, right-handed pitchers since last year."
2012-08-27,2012-08-26_1043,h,9134,Munenori,Kawasaki,12,Liam,Hendriks,9,2,"Hendriks generally performs well against hitters like Kawasaki"
2012-08-27,2012-08-26_1043,h,9128,Yoennis,Cespedes,11,Roberto,Hernandez,5,4,"Slugging .792 in 48 ABs vs. right-handed pitchers in the middle-tier since last year."
2012-08-27,2012-08-26_1043,h,8169,Alexei,Ramirez,4,Wei-Yin,Chen,1,3,"Has a Batting Average of .315 (17-for-54) against left-handed pitchers in the top-tier this season."
2012-08-27,2012-08-26_1043,h,8398,Dayan,Viciedo,4,Wei-Yin,Chen,1,3,"Has 16 hits in 56 ABs (.286 Batting Average) vs. other top-tier, left-handed pitchers this year."
2012-08-27,2012-08-26_1043,h,7707,Nick,Markakis,1,Francisco,Liriano,4,3,"Reached base 47 times in 141 PAs (.333 On Base Average) versus similar top-tier, left-handed pitchers since last year."
2012-08-27,2012-08-26_1043,h,8696,Drew,Butera,9,Felix,Hernandez,12,1,"Well-Hit Average is only .182 (2-for-11) vs. right handers with dominant changeups since last season."
2012-08-27,2012-08-26_1043,h,7939,Jarrod,Saltalamacchia,2,Luke,Hochevar,7,2,"Reached base 8 times in 29 PAs (.276 On Base Average) against pitchers with similar repertoires since last season."
2012-08-27,2012-08-26_1043,h,7938,Yunel,Escobar,14,David,Phelps,10,2,"Well-Hit Average of only .202 in 257 ABs against other righties in the middle-tier since last season."
2012-08-27,2012-08-26_1043,h,8260,Mike,Aviles,2,Luke,Hochevar,7,2,"Slugging .285 in 214 ABs against other top-tier, right-handed pitchers since last year."
2012-08-27,2012-08-26_1043,h,8762,Lorenzo,Cain,7,Daisuke,Matsuzaka,2,1,"Matsuzaka typically has the edge against hitters like Cain"
2012-08-27,2012-08-26_1043,h,8647,Jose,Tabata,23,Kyle,Lohse,24,4,"Batting Average is .364 (4-for-11) against Lohse since last season."
2012-08-27,2012-08-26_1043,h,8575,Michael,Brantley,5,Brett,Anderson,11,2,"Slugging .250 in 4 ABs against Anderson since last year."
2012-08-27,2012-08-26_1043,h,7907,Alex,Gordon,7,Daisuke,Matsuzaka,2,4,"Slugging .636 in 22 ABs against pitchers like Matsuzaka since last season."
2012-08-27,2012-08-26_1043,h,7634,Billy,Butler,7,Daisuke,Matsuzaka,2,5,"Well-Hit Average of .333 (7-for-21) vs. pitchers similar to Matsuzaka since last season."
2012-08-27,2012-08-26_1043,h,8144,Seth,Smith,11,Roberto,Hernandez,5,5,"Slugging .568 in 37 ABs vs. other righties with high groundball percentages since last season."
2012-08-27,2012-08-26_1043,h,8385,Gaby,Sanchez,23,Kyle,Lohse,24,3,"Has 2 well-hit balls in 7 ABs vs. Lohse since last season."
2012-08-27,2012-08-26_1043,h,8356,Lou,Marson,5,Brett,Anderson,11,2,"Slugging .276 in 29 ABs against pitchers like Anderson since last year."
2012-08-27,2012-08-26_1043,h,8133,Sam,Fuld,30,Derek,Holland,13,2,"Well-Hit Average of only .063 (1-for-16) vs. left-handed pitchers in the middle-tier since last season."
2012-08-27,2012-08-26_1043,h,7734,Travis,Ishikawa,8,Justin,Germano,16,4,"Slugging .800 in 10 ABs vs. soft throwing right handers since last year."
2012-08-27,2012-08-26_1043,h,8733,Trevor,Plouffe,9,Felix,Hernandez,12,2,"Well-Hit Average is .158 (3-for-19) vs. righties who use their changeup often since last year."
2012-08-27,2012-08-26_1043,h,8187,Brent,Lillibridge,5,Brett,Anderson,11,5,"Slugging 1.136 in 22 ABs vs. pitchers like Anderson since last season."
2012-08-27,2012-08-26_1043,h,7977,Andrew,McCutchen,23,Kyle,Lohse,24,4,"Well-Hit Average of .313 (5-for-16) against Lohse since last year."
2012-08-27,2012-08-26_1043,h,8370,Dexter,Fowler,27,Josh,Beckett,19,3,"Has 85 hits in 292 ABs (.291 Batting Average) against right-handed pitchers in the top-tier since last season."
2012-08-27,2012-08-26_1043,h,8320,Adam,Rosales,11,Roberto,Hernandez,5,4,"Hernandez typically struggles against hitters like Rosales"
2012-08-27,2012-08-26_1043,h,8731,Casper,Wells,12,Liam,Hendriks,9,2,"Hendriks generally performs well against hitters like Wells"
2012-08-27,2012-08-26_1043,h,8245,Paul,Janish,15,Casey,Kelly,25,"n/a","Not enough recent matchup data"
2012-08-27,2012-08-26_1043,h,7923,Jeff,Clement,23,Kyle,Lohse,24,3,"Matchup data very neutral, but favors Clement slightly."
2012-08-27,2012-08-26_1043,h,8619,Carlos,Santana,5,Brett,Anderson,11,5,"Slugging .905 in 42 ABs vs. pitchers similar to Anderson since last season."
2012-08-27,2012-08-26_1043,h,8190,Colby,Rasmus,14,David,Phelps,10,2,"Reached base 80 times in 298 PAs (.268 On Base Average) against right-handed pitchers in the top-tier since last year."
2012-08-27,2012-08-26_1043,h,8030,Mark,Reynolds,1,Francisco,Liriano,4,2,"Has 0 hits in 6 ABs against Liriano since last year."
2012-08-27,2012-08-26_1043,h,7912,Jacoby,Ellsbury,2,Luke,Hochevar,7,4,"Slugging .593 in 27 ABs vs. pitchers like Hochevar since last year."
2012-08-27,2012-08-26_1043,h,7914,Evan,Longoria,30,Derek,Holland,13,5,"Has 4 well-hit balls in 9 ABs vs. Holland since last season."
2012-08-27,2012-08-26_1043,h,7684,Cameron,Maybin,25,Paul,Maholm,15,2,"Reached base only 40 times in 146 PAs (.274 On Base Average) vs. left-handed pitchers in the top-tier since last season."
2012-08-27,2012-08-26_1043,h,8605,Tyler,Colvin,27,Josh,Beckett,19,4,"Slugging .524 in 126 ABs vs. other top-tier, right-handed pitchers this season."
2012-08-27,2012-08-26_1043,h,8116,Nyjer,Morgan,8,Justin,Germano,16,2,"Has just 1 hit in 8 ABs vs. soft throwing right handers since last season."
2012-08-27,2012-08-26_1043,h,7934,Carlos,Gonzalez,27,Josh,Beckett,19,4,"Slugging .486 in 286 ABs vs. other top-tier, right-handed pitchers since last year."
2012-08-27,2012-08-26_1043,h,8080,Justin,Upton,29,Bronson,Arroyo,17,2,"Slugging .286 in 7 ABs vs. Arroyo since last year."
2012-08-27,2012-08-26_1043,h,9045,Martin,Maldonado,8,Justin,Germano,16,4,"Has a Batting Average of .361 (13-for-36) vs. other middle-tier, right-handed pitchers since last season."
2012-08-27,2012-08-26_1043,h,8784,Welington,Castillo,16,Marco,Estrada,8,2,"Reached base just 9 times in 39 PAs (.231 On Base Average) against other top-tier, right-handed pitchers since last year."
2012-08-27,2012-08-26_1043,h,9087,Steven,Clevenger,16,Marco,Estrada,8,3,"Has 2 hits in 7 ABs vs. pitchers like Estrada since last season."
2012-08-27,2012-08-26_1043,h,8611,Starlin,Castro,16,Marco,Estrada,8,4,"Has 3 well-hit balls in 5 ABs against Estrada since last year."
2012-08-27,2012-08-26_1043,h,8404,Jason,Donald,5,Brett,Anderson,11,2,"Slugging just .333 in 12 ABs against pitchers similar to Anderson since last season."
2012-08-27,2012-08-26_1043,h,9069,Pedro,Florimon,9,Felix,Hernandez,12,3,"Matchup data very neutral, but favors Hernandez slightly."
2012-08-27,2012-08-26_1043,h,8649,Allen,Craig,24,AJ,Burnett,23,5,"Slugging .800 in 10 ABs vs. pitchers like Burnett since last year."
2012-08-27,2012-08-26_1043,h,8468,Shane,Robinson,24,AJ,Burnett,23,2,"Slugging only .297 in 37 ABs against right-handed pitchers in the top-tier since last year."
2012-08-27,2012-08-26_1043,h,8585,Chris,Johnson,29,Bronson,Arroyo,17,3,"Has 2 hits in 7 ABs against soft throwing righties this season."
2012-08-27,2012-08-26_1043,h,8819,Michael,McKenry,23,Kyle,Lohse,24,4,"Has 2 well-hit balls in 5 ABs against Lohse since last season."
2012-08-27,2012-08-26_1043,h,8171,Jay,Bruce,17,Trevor,Cahill,29,5,"Slugging .500 in 34 ABs vs. pitchers similar to Cahill since last year."
2012-08-27,2012-08-26_1043,h,8544,Josh,Reddick,11,Roberto,Hernandez,5,4,"Reached base 11 times in 22 PAs (.500 On Base Average) vs. pitchers similar to Hernandez since last season."
2012-08-27,2012-08-26_1043,h,8057,Chase,Headley,25,Paul,Maholm,15,4,"Reached base 9 times in 22 PAs (.409 On Base Average) against pitchers with similar repertoires since last season."
2012-08-27,2012-08-26_1043,h,8717,Jon,Jay,24,AJ,Burnett,23,3,"Reached base 44 times in 122 PAs (.361 On Base Average) vs. other top-tier, right-handed pitchers this season."
2012-08-27,2012-08-26_1043,h,8651,Desmond,Jennings,30,Derek,Holland,13,3,"Well-Hit Average is .300 (3-for-10) vs. Holland since last year."
2012-08-27,2012-08-26_1043,h,8572,Tyler,Flowers,4,Wei-Yin,Chen,1,2,"Well-Hit Average is .167 in 36 ABs vs. left handers in the middle-tier since last year."
2012-08-27,2012-08-26_1043,h,8396,Matt,LaPorta,5,Brett,Anderson,11,1,"Slugging only .143 in 7 ABs vs. pitchers like Anderson since last season."
2012-08-27,2012-08-26_1043,h,8538,Michael,Saunders,12,Liam,Hendriks,9,2,"Hendriks generally performs well against hitters like Saunders"
2012-08-27,2012-08-26_1043,h,8473,Gerardo,Parra,29,Bronson,Arroyo,17,2,"Reached base 2 times in 10 PAs (.200 On Base Average) against soft throwing right handed pitchers since last year."
2012-08-27,2012-08-26_1043,h,8609,Jonathan,Lucroy,8,Justin,Germano,16,5,"Has 6 hits in 16 ABs (.375 Batting Average) against soft throwing righties since last year."
2012-08-27,2012-08-26_1043,h,8787,Darwin,Barney,16,Marco,Estrada,8,1,"Has 0 well-hit balls in 5 ABs vs. Estrada since last year."
2012-08-27,2012-08-26_1043,h,8395,Matt,Wieters,1,Francisco,Liriano,4,4,"Slugging .684 in 117 ABs vs. other top-tier, left-handed pitchers since last season."
2012-08-27,2012-08-26_1043,h,8938,Tony,Cruz,24,AJ,Burnett,23,3,"Slugging .471 in 34 ABs vs. other top-tier, right-handed pitchers this season."
2012-08-27,2012-08-26_1043,h,8831,Daniel,Descalso,24,AJ,Burnett,23,3,"Batting .239 (27-for-113) versus similar top-tier, right-handed pitchers this season."
2012-08-27,2012-08-26_1043,h,8673,Ezequiel,Carrera,5,Brett,Anderson,11,2,"Slugging only .091 in 11 ABs against pitchers similar to Anderson since last season."
2012-08-27,2012-08-26_1043,h,8868,Anthony,Rizzo,16,Marco,Estrada,8,2,"Reached base just 40 times in 134 PAs (.299 On Base Average) against other top-tier, right-handed pitchers since last year."
2012-08-27,2012-08-26_1043,h,0,Che-Hsuan,Lin,2,Luke,Hochevar,7,"n/a","Not enough recent matchup data"
2012-08-27,2012-08-26_1043,h,9234,Jeff,Bianchi,8,Justin,Germano,16,1,"Germano typically has the edge against hitters like Bianchi"
2012-08-27,2012-08-26_1043,h,8817,Jarrod,Dyson,7,Daisuke,Matsuzaka,2,1,"Matsuzaka typically has the edge against hitters like Dyson"
2012-08-27,2012-08-26_1043,h,8430,Everth,Cabrera,25,Paul,Maholm,15,2,"Slugging just .100 in 40 ABs vs. other top-tier, left-handed pitchers since last season."
2012-08-27,2012-08-26_1043,h,8340,Will,Venable,25,Paul,Maholm,15,2,"Has 0 well-hit balls in 8 ABs vs. other soft throwing left handers since last season."
2012-08-27,2012-08-26_1043,h,8239,Matt,Joyce,30,Derek,Holland,13,4,"Has 3 hits in 6 ABs against Holland since last year."
2012-08-27,2012-08-26_1043,h,8638,Jesus,Montero,12,Liam,Hendriks,9,"n/a","Not enough recent matchup data"
2012-08-27,2012-08-26_1043,h,8402,David,Freese,24,AJ,Burnett,23,2,"Reached base 0 times in 5 PAs (.000 On Base Average) against Burnett since last year."
2012-08-27,2012-08-26_1043,h,8658,Freddie,Freeman,15,Casey,Kelly,25,"n/a","Not enough recent matchup data"
2012-08-27,2012-08-26_1043,h,8621,Jason,Heyward,15,Casey,Kelly,25,"n/a","Not enough recent matchup data"
2012-08-27,2012-08-26_1043,h,8598,Juan,Francisco,15,Casey,Kelly,25,"n/a","Not enough recent matchup data"
2012-08-27,2012-08-26_1043,h,8629,Todd,Frazier,17,Trevor,Cahill,29,5,"Batting .500 (6-for-12) vs. pitchers like Cahill since last year."
2012-08-27,2012-08-26_1043,h,8617,Chris,Heisey,17,Trevor,Cahill,29,2,"Slugging .067 in 15 ABs vs. pitchers similar to Cahill since last year."
2012-08-27,2012-08-26_1043,h,8528,Drew,Stubbs,17,Trevor,Cahill,29,2,"Well-Hit Average of just .195 in 113 ABs vs. other middle-tier, right-handed pitchers since last year."
2012-08-27,2012-08-26_1043,h,8306,Taylor,Teagarden,1,Francisco,Liriano,4,1,"Has a Batting Average of .000 (0-for-13) vs. other top-tier, left-handed pitchers since last season."
2012-08-27,2012-08-26_1043,h,8285,Chris,Davis,1,Francisco,Liriano,4,3,"Reached base 19 times in 56 PAs (.339 On Base Average) vs. other top-tier, left-handed pitchers since last year."
2012-08-27,2012-08-26_1043,h,9198,Jordy,Mercer,23,Kyle,Lohse,24,2,"Well-Hit Average of only .192 (5-for-26) versus similar top-tier, right-handed pitchers since last year."
2012-08-27,2012-08-26_1043,h,8876,Derek,Norris,11,Roberto,Hernandez,5,2,"Batting Average is just .091 (1-for-11) vs. other right handed pitchers groundball pitchers since last year."
2012-08-27,2012-08-26_1043,h,8723,Josh,Donaldson,11,Roberto,Hernandez,5,2,"Well-Hit Average of only .211 in 19 ABs vs. other bottom-tier right handed pitchers since last season."
2012-08-27,2012-08-26_1043,h,8324,Cliff,Pennington,11,Roberto,Hernandez,5,2,"Has 1 well-hit ball in 7 ABs against Hernandez since last year."
2012-08-27,2012-08-26_1043,h,8640,Chris,Carter,11,Roberto,Hernandez,5,2,"Reached base 6 times in 24 PAs (.250 On Base Average) versus similar middle-tier, right-handed pitchers since last year."
2012-08-27,2012-08-26_1043,h,8304,Travis,Snider,23,Kyle,Lohse,24,2,"Slugging .344 in 96 ABs against other right handed pitchers in the top-tier since last season."
2012-08-27,2012-08-26_1043,h,8822,Pedro,Ciriaco,2,Luke,Hochevar,7,4,"Batting Average is .326 (14-for-43) vs. other top-tier, right-handed pitchers since last year."
2012-08-27,2012-08-26_1043,h,8574,Craig,Gentry,13,David,Price,30,3,"Well-Hit Average of .300 in 10 ABs vs. Price since last year."
2012-08-27,2012-08-26_1043,h,8422,Gordon,Beckham,4,Wei-Yin,Chen,1,2,"Well-Hit Average is .179 in 106 ABs against other middle-tier left handed pitchers since last season."
2012-08-27,2012-08-26_1043,h,8660,Yonder,Alonso,25,Paul,Maholm,15,2,"Batting Average is .100 in 10 ABs against other soft throwing left handed pitchers since last season."
2012-08-27,2012-08-26_1043,h,8682,Jordan,Danks,4,Wei-Yin,Chen,1,1,"Reached base only 4 times in 13 PAs (.308 On Base Average) versus similar top-tier, left-handed pitchers since last year."
2012-08-27,2012-08-26_1043,h,8521,Jose,Lobaton,30,Derek,Holland,13,2,"Well-Hit Average is just .100 (1-for-10) against pitchers with similar repertoires since last year."
2012-08-27,2012-08-26_1043,h,9008,Trayvon,Robinson,12,Liam,Hendriks,9,1,"Hendriks typically has the edge against hitters like Robinson"
2012-08-27,2012-08-26_1043,h,8645,Pedro,Alvarez,23,Kyle,Lohse,24,4,"Slugging .864 in 22 ABs against pitchers like Lohse since last year."
2012-08-27,2012-08-26_1043,h,8772,Mitch,Moreland,13,David,Price,30,1,"Slugging .170 in 47 ABs against other top-tier, left-handed pitchers since last season."
2012-08-27,2012-08-26_1043,h,0,Mauro,Gomez,2,Luke,Hochevar,7,1,"Well-Hit Average of .000 in 12 ABs vs. right-handed pitchers in the top-tier since last season."
2012-08-27,2012-08-26_1043,h,9251,Moises,Sierra,14,David,Phelps,10,2,"Has a Batting Average of only .150 (3-for-20) against middle-tier righties since last year."
2012-08-27,2012-08-26_1043,h,8930,Eric,Thames,12,Liam,Hendriks,9,3,"Batting .300 (3-for-10) against pitchers like Hendriks since last season."
2012-08-27,2012-08-26_1043,h,9026,Darin,Mastroianni,9,Felix,Hernandez,12,2,"Well-Hit Average is .231 in 39 ABs against right-handed pitchers in the top-tier since last year."
2012-08-27,2012-08-26_1043,h,9268,Jacob,Elmore,29,Bronson,Arroyo,17,3,"Matchup data very neutral, but favors Elmore slightly."
2012-08-27,2012-08-26_1043,h,8685,Mike,Moustakas,7,Daisuke,Matsuzaka,2,3,"Well-Hit Average of .300 in 10 ABs vs. pitchers like Matsuzaka this year."
2012-08-27,2012-08-26_1043,h,9010,Johnny,Giavotella,7,Daisuke,Matsuzaka,2,1,"Has 1 well-hit ball in 7 ABs vs. pitchers like Matsuzaka since last year."
2012-08-27,2012-08-26_1043,h,8628,Zack,Cozart,17,Trevor,Cahill,29,2,"Batting Average is just .152 (7-for-46) against right handers with high groundball percentages since last season."
2012-08-27,2012-08-26_1043,h,8921,Logan,Forsythe,25,Paul,Maholm,15,5,"Slugging 1.250 in 4 ABs against Maholm since last year."
2012-08-27,2012-08-26_1043,h,8985,Luis,Martinez,13,David,Price,30,1,"Slugging just .333 in 9 ABs against other top-tier, left-handed pitchers since last season."
2012-08-27,2012-08-26_1043,h,9144,Ryan,Flaherty,1,Francisco,Liriano,4,2,"Well-Hit Average of only .167 in 18 ABs against hard throwing left handed pitchers since last year."
2012-08-27,2012-08-26_1043,h,8950,Josh,Harrison,23,Kyle,Lohse,24,4,"Well-Hit Average is .333 (4-for-12) against pitchers like Lohse since last season."
2012-08-27,2012-08-26_1043,h,8679,Josh,Vitters,16,Marco,Estrada,8,1,"Batting Average is .000 (0-for-14) vs. other top-tier, right-handed pitchers since last year."
2012-08-27,2012-08-26_1043,h,8957,Charles,Blackmon,27,Josh,Beckett,19,4,"Beckett typically struggles against hitters like Blackmon"
2012-08-27,2012-08-26_1043,h,8854,Wilin,Rosario,27,Josh,Beckett,19,4,"Slugging .455 in 101 ABs vs. other top-tier, right-handed pitchers this year."
2012-08-27,2012-08-26_1043,h,9090,Tyler,Pastornicky,15,Casey,Kelly,25,"n/a","Not enough recent matchup data"
2012-08-27,2012-08-26_1043,h,9015,Salvador,Perez,7,Daisuke,Matsuzaka,2,2,"Has just 1 well-hit ball in 8 ABs against pitchers like Matsuzaka since last year."
2012-08-27,2012-08-26_1043,h,8857,Eric,Hosmer,7,Daisuke,Matsuzaka,2,3,"Matchup data very neutral, but favors Hosmer slightly."
2012-08-27,2012-08-26_1043,h,9020,Ryan,Lavarnway,2,Luke,Hochevar,7,1,"Has 1 hit in 10 ABs (.100 Batting Average) against right handers with good breaking balls since last year."
2012-08-27,2012-08-26_1043,h,8914,Alexi,Amarista,25,Paul,Maholm,15,2,"Slugging only .091 in 11 ABs against soft throwing left handed pitchers since last season."
2012-08-27,2012-08-26_1043,h,8687,Ben,Revere,9,Felix,Hernandez,12,2,"Slugging .276 in 29 ABs against right handers with dominant changeups since last year."
2012-08-27,2012-08-26_1043,h,9067,Jordan,Pacheco,27,Josh,Beckett,19,3,"Matchup data very neutral, but favors Pacheco slightly."
2012-08-27,2012-08-26_1043,h,8653,Justin,Smoak,12,Liam,Hendriks,9,3,"Matchup data very neutral, but favors Hendriks slightly."
2012-08-27,2012-08-26_1043,h,9247,Jean,Segura,8,Justin,Germano,16,2,"Reached base only 4 times in 14 PAs (.286 On Base Average) vs. right-handed pitchers in the middle-tier since last year."
2012-08-27,2012-08-26_1043,h,8967,Paul,Goldschmidt,29,Bronson,Arroyo,17,4,"Has 23 hits in 57 ABs (.404 Batting Average) vs. other soft throwing right handed pitchers since last season."
2012-08-27,2012-08-26_1043,h,8850,Brett,Jackson,16,Marco,Estrada,8,2,"Slugging .240 in 25 ABs vs. middle-tier righties since last year."
2012-08-27,2012-08-26_1043,h,9264,Ryan,Jackson,24,AJ,Burnett,23,2,"Burnett generally performs well against hitters like Jackson"
2012-08-27,2012-08-26_1043,h,9244,Ryan,Wheeler,29,Bronson,Arroyo,17,2,"Well-Hit Average of .167 (2-for-12) vs. top-tier right handers since last year."
2012-08-27,2012-08-26_1043,h,8953,Matt,Carpenter,24,AJ,Burnett,23,5,"Has 3 hits in 5 ABs vs. Burnett since last year."
2012-08-27,2012-08-26_1043,h,8949,DJ,LeMahieu,27,Josh,Beckett,19,2,"Well-Hit Average of .139 (10-for-72) versus similar top-tier, right-handed pitchers since last year."
2012-08-27,2012-08-26_1043,h,8984,Kyle,Seager,12,Liam,Hendriks,9,2,"Hendriks generally performs well against hitters like Seager"
2012-08-27,2012-08-26_1043,h,8853,Jason,Kipnis,5,Brett,Anderson,11,1,"Well-Hit Average of only .065 (2-for-31) against pitchers with similar repertoires since last year."
2012-08-27,2012-08-26_1043,h,8648,Dustin,Ackley,12,Liam,Hendriks,9,4,"Hendriks typically struggles against hitters like Ackley"
2012-08-27,2012-08-26_1043,h,8848,Jose,Iglesias,2,Luke,Hochevar,7,1,"Hochevar typically has the edge against hitters like Iglesias"
2012-08-27,2012-08-26_1043,h,8966,Andrew,Brown,27,Josh,Beckett,19,2,"Reached base 6 times in 20 PAs (.300 On Base Average) vs. other top-tier, right-handed pitchers since last season."
2012-08-27,2012-08-26_1043,h,9237,Josh,Rutledge,27,Josh,Beckett,19,5,"Well-Hit Average of .386 (22-for-57) against other top-tier, right-handed pitchers since last season."
2012-08-27,2012-08-26_1043,h,9259,Adeiny,Hechavarria,14,David,Phelps,10,1,"Well-Hit Average of .077 (1-for-13) versus similar top-tier, right-handed pitchers since last season."
2012-08-27,2012-08-26_1043,h,9254,Michael,Olt,13,David,Price,30,2,"Reached base just 2 times in 7 PAs (.286 On Base Average) against left-handed pitchers in the top-tier since last season."
2012-08-27,2012-08-26_1043,h,9098,Yasmani,Grandal,25,Paul,Maholm,15,4,"Reached base 4 times in 11 PAs (.364 On Base Average) vs. soft throwing left handers since last season."
2012-08-27,2012-08-26_1043,h,9111,Manny,Machado,1,Francisco,Liriano,4,4,"Liriano typically struggles against hitters like Machado"
2012-08-27,2012-08-26_1043,p,7334,Justin,Germano,16,na,na,8,1,""
2012-08-27,2012-08-26_1043,p,6314,AJ,Burnett,23,na,na,24,2,"Current Cardinals are batting .333 in 15 at-bats against Burnett's off-speed pitches since last year."
2012-08-27,2012-08-26_1043,p,6403,Josh,Beckett,19,na,na,27,2,"Opponents are batting .367 in 49 at-bats against Beckett's fastball in his last 3 outings"
2012-08-27,2012-08-26_1043,p,7603,Roberto,Hernandez,5,na,na,11,2,"Current Athletics are 2 for 6 against Hernandez's off-speed pitches since last year."
2012-08-27,2012-08-26_1043,p,6498,Bronson,Arroyo,17,na,na,29,3,"Current Diamondbacks are batting .313 (5-for-16) against Arroyo's fastball since last year."
2012-08-27,2012-08-26_1043,p,6751,Kyle,Lohse,24,na,na,23,3,"Current Pirates are batting .306 (15-for-49) against Lohse's fastball since last season."
2012-08-27,2012-08-26_1043,p,7334,Justin,Germano,16,na,na,8,3,"Opponents are hitting .299 in 67 at-bats against Germano in his last 3 outings"
2012-08-27,2012-08-26_1043,p,7383,Jeff,Francis,27,na,na,19,3,"Current Dodgers are batting .308 in 13 at-bats against Francis's fastball since last year."
2012-08-27,2012-08-26_1043,p,7504,Francisco,Liriano,4,na,na,1,3,"Current Orioles are batting .326 in 86 at-bats against fastballs from pitchers like Liriano this season."
2012-08-27,2012-08-26_1043,p,7487,Felix,Hernandez,12,na,na,9,4,"Current Twins have 16 strikeouts in 35 at-bats (46%) against Hernandez since last season."
2012-08-27,2012-08-26_1043,p,9093,Wei-Yin,Chen,1,na,na,4,2,"Opponents are hitting .362 in 69 at-bats against Chen in his last 3 outings"
2012-08-27,2012-08-26_1043,p,7636,Paul,Maholm,15,na,na,25,3,"Current Padres are batting .295 (13-for-44) against pitchers with similar repertoires as Maholm this year."
2012-08-27,2012-08-26_1043,p,7906,Daisuke,Matsuzaka,2,na,na,7,3,"Opponents are batting .286 (14-for-49) against Matsuzaka in his last 3 outings"
2012-08-27,2012-08-26_1043,p,8424,Ricky,Romero,14,na,na,10,3,"Current Yankees are batting .325 in 80 at-bats against Romero's fastball since last year."
2012-08-27,2012-08-26_1043,p,7919,Luke,Hochevar,7,na,na,2,3,"Current Red Sox are hitting .278 (5-for-18) against Hochevar since last season."
2012-08-27,2012-08-26_1043,p,9057,Liam,Hendriks,9,na,na,12,3,"Opponents are batting .314 in 35 at-bats against Hendriks's fastball in his last 3 outings"
2012-08-27,2012-08-26_1043,p,8409,Brett,Anderson,11,na,na,5,3,"Matchup data very neutral, but favors the Indians slightly."
2012-08-27,2012-08-26_1043,p,8410,Trevor,Cahill,29,na,na,17,3,"Opponents are batting .277 (18-for-65) against Cahill in his last 3 outings"
2012-08-27,2012-08-26_1043,p,8329,Marco,Estrada,8,na,na,16,4,"Current Cubs are batting only .154 in 13 at-bats against Estrada's fastball since last season."
2012-08-27,2012-08-26_1043,p,8175,David,Price,30,na,na,13,4,"Opponents are hitting .171 in 76 at-bats against Price in his last 3 outings"
2012-08-27,2012-08-26_1043,p,9148,David,Phelps,10,na,na,14,4,"Opponents are batting .160 in 25 at-bats against Phelps's off-speed pitches in his last 3 outings"
2012-08-27,2012-08-26_1043,p,8406,Derek,Holland,13,na,na,30,4,"Current Rays are batting .169 (34-for-201) against off-speed pitches from pitchers similar to Holland since last season."
2012-08-27,2012-08-26_1043,p,5127,Darren,Oliver,14,na,na,10,4,"Current Yankees are batting only .143 in 14 at-bats against Oliver's fastball since last season."
2012-08-27,2012-08-26_1043,p,4815,Miguel,Batista,15,na,na,25,3,"Matchup data very neutral, but favors the Padres slightly."
2012-08-27,2012-08-26_1043,p,5650,Jamey,Wright,19,na,na,27,4,"Current Rockies are 0 for 5 against Wright's off-speed pitches since last season."
2012-08-27,2012-08-26_1043,p,6205,Joe,Nathan,13,na,na,30,2,"Current Rays are 2 for 5 against Nathan's fastball since last season."
2012-08-27,2012-08-26_1043,p,6210,Kyle,Farnsworth,30,na,na,13,2,"Current Rangers are 2 for 5 against Farnsworth's off-speed pitches since last season."
2012-08-27,2012-08-26_1043,p,6257,Vicente,Padilla,2,na,na,7,5,"Opponents have struck out 4 times in 9 ABs against Padilla in his last 3 outings"
2012-08-27,2012-08-26_1043,p,6371,Chad,Durbin,15,na,na,25,4,"Opponents have struck out 4 times in 9 ABs against Durbin in his last 3 outings"
2012-08-27,2012-08-26_1043,p,7206,Kevin,Gregg,1,na,na,4,4,"Opponents are 1 for 9 against Gregg in his last 3 outings"
2012-08-27,2012-08-26_1043,p,6466,Jason,Grilli,23,na,na,24,5,"Current Cardinals are batting only .197 in 142 at-bats against pitchers with similar repertoires as Grilli since last season."
2012-08-27,2012-08-26_1043,p,6513,Randy,Choate,19,na,na,27,1,"Current Rockies are batting .355 in 31 at-bats against fastballs from pitchers like Choate this season."
2012-08-27,2012-08-26_1043,p,7240,Matt,Belisle,27,na,na,19,3,"Struck out 2 batters in 18 at-bats (11%) against the Dodgers this season."
2012-08-27,2012-08-26_1043,p,6765,Grant,Balfour,11,na,na,5,5,"Current Indians are 0 for 4 against Balfour's off-speed pitches since last year."
2012-08-27,2012-08-26_1043,p,6775,Brandon,Lyon,14,na,na,10,5,"Current Yankees are just 1 for 5 against Lyon's fastball since last year."
2012-08-27,2012-08-26_1043,p,7029,Francisco,Rodriguez,8,na,na,16,5,"Opponents are 0 for 9 against Rodriguez in his last 3 outings"
2012-08-27,2012-08-26_1043,p,6922,Fernando,Rodney,30,na,na,13,4,"Opponents are 0 for 9 against Rodney in his last 3 outings"
2012-08-27,2012-08-26_1043,p,7991,Joel,Hanrahan,23,na,na,24,4,"Current Cardinals are batting .000 (0-for-11) against Hanrahan's off-speed pitches since last year."
2012-08-27,2012-08-26_1043,p,6662,Rafael,Soriano,10,na,na,14,4,"Current Blue Jays are 0 for 6 against Soriano's off-speed pitches since last year."
2012-08-27,2012-08-26_1043,p,7304,Shawn,Camp,16,na,na,8,2,"Current Brewers are hitting .368 (7-for-19) against Camp since last year."
2012-08-27,2012-08-26_1043,p,7080,Luis,Ayala,1,na,na,4,5,"Current White Sox are just 1 for 7 against Ayala since last season."
2012-08-27,2012-08-26_1043,p,6146,Rafael,Betancourt,27,na,na,19,5,"Opponents are hitting only .182 in 11 at-bats against Betancourt in his last 3 outings"
2012-08-27,2012-08-26_1043,p,7553,Joel,Peralta,30,na,na,13,4,"Current Rangers are batting .000 (0-for-12) against Peralta's fastball since last season."
2012-08-27,2012-08-26_1043,p,7279,Jesse,Crain,4,na,na,1,4,"Current Orioles are 1 for 8 against Crain's fastball since last year."
2012-08-27,2012-08-26_1043,p,7205,JJ,Putz,29,na,na,17,5,"Current Reds are hitting .182 (2-for-11) against Putz since last season."
2012-08-27,2012-08-26_1043,p,7212,Matt,Thornton,4,na,na,1,5,"Current Orioles have struck out 3 times in 7 ABs against Thornton since last year."
2012-08-27,2012-08-26_1043,p,7806,Josh,Kinney,12,na,na,9,5,"Current Twins are 0 for 6 against Kinney's off-speed pitches since last year."
2012-08-27,2012-08-26_1043,p,7792,Patrick,Neshek,11,na,na,5,5,"Current Indians are 0 for 4 against Neshek's off-speed pitches since last year."
2012-08-27,2012-08-26_1043,p,7799,Jose,Veras,8,na,na,16,4,"Opponents are hitting only .200 in 15 at-bats against Veras in his last 3 outings"
2012-08-27,2012-08-26_1043,p,7975,Alfredo,Simon,17,na,na,29,3,"Current Diamondbacks are hitting .298 (34-for-114) against pitchers with similar repertoires as Simon since last year."
2012-08-27,2012-08-26_1043,p,7332,Mike,Adams,13,na,na,30,1,"Current Rays are 2 for 5 against Adams this season."
2012-08-27,2012-08-26_1043,p,7334,Justin,Germano,16,na,na,8,1,""
2012-08-27,2012-08-26_1043,p,8442,Ronald,Belisario,19,na,na,27,2,"Current Rockies are batting .353 (6-for-17) against off-speed pitches from pitchers similar to Belisario since last season."
2012-08-27,2012-08-26_1043,p,7381,Chad,Qualls,23,na,na,24,1,"Struck out none of the Cardinals he has faced in his last 3 outings"
2012-08-27,2012-08-26_1043,p,7572,JP,Howell,30,na,na,13,5,"Current Rangers are batting just .200 (7-for-35) against fastballs from pitchers like Howell since last season."
2012-08-27,2012-08-26_1043,p,7464,Brandon,League,19,na,na,27,1,"Current Rockies are 4 for 5 against League since last year."
2012-08-27,2012-08-26_1043,p,7465,Kameron,Loe,8,na,na,16,3,"Current Cubs are batting .296 (8-for-27) against off-speed pitches from pitchers similar to Loe this year."
2012-08-27,2012-08-26_1043,p,7589,Chris,Resop,23,na,na,24,4,"Opponents are hitting .190 in 21 at-bats against Resop in his last 3 outings"
2012-08-27,2012-08-26_1043,p,7748,Casey,Janssen,14,na,na,10,5,"Current Yankees are batting .200 (4-for-20) against Janssen's fastball since last season."
2012-08-27,2012-08-26_1043,p,8176,Jacob,McGee,30,na,na,13,4,"Current Rangers have struck out 3 times in 10 at-bats (30%) against McGee since last season."
2012-08-27,2012-08-26_1043,p,8709,Jonny,Venters,15,na,na,25,5,"Current Padres have struck out 4 times in 7 ABs against Venters since last season."
2012-08-27,2012-08-26_1043,p,8069,Manny,Parra,8,na,na,16,4,"Current Cubs have struck out 7 times in 20 at-bats (35%) against Parra since last year."
2012-08-27,2012-08-26_1043,p,7958,Matt,Lindstrom,1,na,na,4,5,"Current White Sox are hitting just .182 (10-for-55) against pitchers with similar repertoires as Lindstrom since last season."
2012-08-27,2012-08-26_1043,p,7613,Jonathan,Broxton,17,na,na,29,5,"Opponents have 4 strikeouts in 13 at-bats (31%) against Broxton in his last 3 outings"
2012-08-27,2012-08-26_1043,p,7610,Craig,Breslow,2,na,na,7,3,"Current Royals are hitting .308 in 13 at-bats against Breslow since last season."
2012-08-27,2012-08-26_1043,p,7718,Sean,Marshall,17,na,na,29,5,"Current Diamondbacks have struck out 2 times in 6 ABs against Marshall since last year."
2012-08-27,2012-08-26_1043,p,7789,Carlos,Marmol,16,na,na,8,4,"Current Brewers are batting only .128 (6-for-47) against off-speed pitches from pitchers similar to Marmol since last year."
2012-08-27,2012-08-26_1043,p,7949,Tony,Sipp,5,na,na,11,4,"Current Athletics have struck out 2 times in 5 ABs against Sipp since last season."
2012-08-27,2012-08-26_1043,p,8604,Samuel,Deduno,9,na,na,12,3,"Opponents are hitting .292 in 65 at-bats against Deduno in his last 3 outings"
2012-08-27,2012-08-26_1043,p,7711,Glen,Perkins,9,na,na,12,5,"Current Mariners have struck out 8 times in 16 at-bats (50%) against Perkins since last year."
2012-08-27,2012-08-26_1043,p,8056,Clay,Rapada,10,na,na,14,2,"Opponents are 3 for 7 against Rapada in his last 3 outings"
2012-08-27,2012-08-26_1043,p,7825,Jim,Johnson,1,na,na,4,3,"Matchup data very neutral, but favors the White Sox slightly."
2012-08-27,2012-08-26_1043,p,7801,Edward,Mujica,24,na,na,23,5,"Current Pirates are hitting .176 (3-for-17) against Mujica since last season."
2012-08-27,2012-08-26_1043,p,8758,Kenley,Jansen,19,na,na,27,5,"Opponents are batting just .100 (1-for-10) against Jansen's fastball in his last 3 outings"
2012-08-27,2012-08-26_1043,p,7817,Manuel,Corpas,16,na,na,8,2,"Current Brewers are batting .300 (3-for-10) against off-speed pitches from pitchers similar to Corpas this season."
2012-08-27,2012-08-26_1043,p,7715,Boone,Logan,10,na,na,14,5,"Current Blue Jays are only 1 for 8 against Logan's fastball since last season."
2012-08-27,2012-08-26_1043,p,8316,Francisley,Bueno,7,na,na,2,5,"Current Red Sox are 1 for 5 against Bueno since last year."
2012-08-27,2012-08-26_1043,p,7965,Scott,Elbert,19,na,na,27,2,"Current Rockies are batting .297 (11-for-37) against pitchers with similar repertoires as Elbert since last year."
2012-08-27,2012-08-26_1043,p,8498,David,Hernandez,29,na,na,17,5,"Current Reds are batting only .077 (1-for-13) against Hernandez's fastball since last year."
2012-08-27,2012-08-26_1043,p,8318,Brad,Bergesen,29,na,na,17,1,"Opponents are 3 for 9 against Bergesen's off-speed pitches in his last 3 outings"
2012-08-27,2012-08-26_1043,p,8037,Michael,Zagurski,29,na,na,17,4,"Opponents are hitting .182 in 11 at-bats against Zagurski in his last 3 outings"
2012-08-27,2012-08-26_1043,p,8268,Mitchell,Boggs,24,na,na,23,4,"Struck out 11 batters in 36 at-bats (31%) against the Pirates since last season."
2012-08-27,2012-08-26_1043,p,8001,Jared,Burton,9,na,na,12,5,"Current Mariners are just 1 for 7 against Burton since last season."
2012-08-27,2012-08-26_1043,p,8262,Brad,Ziegler,29,na,na,17,4,"Current Reds are hitting .091 (1-for-11) against Ziegler since last year."
2012-08-27,2012-08-26_1043,p,8341,Michael,Bowden,16,na,na,8,3,"Current Brewers are hitting .280 (7-for-25) against pitchers with similar repertoires as Bowden since last season."
2012-08-27,2012-08-26_1043,p,8141,Jerry,Blevins,11,na,na,5,3,"Opponents are 2 for 7 against Blevins in his last 3 outings"
2012-08-27,2012-08-26_1043,p,7837,Eric,O'Flaherty,15,na,na,25,4,"Current Padres have 81 strikeouts in 346 at-bats (23%) against pitchers with similar repertoires as O'Flaherty since last season."
2012-08-27,2012-08-26_1043,p,7810,Mark,Lowe,13,na,na,30,1,"Current Rays are hitting .333 (6-for-18) against Lowe since last season."
2012-08-27,2012-08-26_1043,p,9092,Hisashi,Iwakuma,12,na,na,9,5,"Current Twins are hitting just .136 in 22 at-bats against Iwakuma since last year."
2012-08-27,2012-08-26_1043,p,8231,Jose,Arredondo,17,na,na,29,3,"Current Diamondbacks are hitting .272 in 114 at-bats against pitchers with similar repertoires as Arredondo since last year."
2012-08-27,2012-08-26_1043,p,9073,Jared,Hughes,23,na,na,24,3,"Current Cardinals have 3 strikeouts in 41 at-bats (7%) against Hughes since last season."
2012-08-27,2012-08-26_1043,p,7997,Joe,Smith,5,na,na,11,2,"Current Athletics are 2 for 5 against Smith's fastball since last season."
2012-08-27,2012-08-26_1043,p,9248,Jim,Henderson,8,na,na,16,5,"Current Cubs are 1 for 4 against Henderson since last season."
2012-08-27,2012-08-26_1043,p,9253,Alberto,Cabrera,16,na,na,8,1,"Opponents are 3 for 9 against Cabrera in his last 3 outings"
2012-08-27,2012-08-26_1043,p,8481,Cristhian,Martinez,15,na,na,25,2,"Opponents are hitting .375 in 16 at-bats against Martinez in his last 3 outings"
2012-08-27,2012-08-26_1043,p,8443,Luke,Gregerson,25,na,na,15,5,"Opponents are batting just .100 (1-for-10) against Gregerson's off-speed pitches in his last 3 outings"
2012-08-27,2012-08-26_1043,p,8369,Jason,Motte,24,na,na,23,5,"Current Pirates are hitting only .167 (5-for-30) against Motte since last year."
2012-08-27,2012-08-26_1043,p,8084,Joba,Chamberlain,10,na,na,14,4,"Current Blue Jays are 0 for 7 against Chamberlain since last season."
2012-08-27,2012-08-26_1043,p,8458,Mark,Melancon,2,na,na,7,1,"Current Royals are batting .336 (51-for-152) against fastballs from pitchers like Melancon since last season."
2012-08-27,2012-08-26_1043,p,8382,Josh,Roenicke,27,na,na,19,5,"Current Dodgers are batting only .067 (1-for-15) against Roenicke's fastball since last year."
2012-08-27,2012-08-26_1043,p,8215,Burke,Badenhop,30,na,na,13,1,"Current Rangers are 4 for 6 against Badenhop since last season."
2012-08-27,2012-08-26_1043,p,8739,Fernando,Salas,24,na,na,23,4,"Opponents are 1 for 7 against Salas's fastball in his last 3 outings"
2012-08-27,2012-08-26_1043,p,8375,Jeff,Gray,9,na,na,12,1,"Current Mariners are 4 for 9 against Gray's fastball since last season."
2012-08-27,2012-08-26_1043,p,8287,David,Robertson,10,na,na,14,4,"Opponents are 1 for 7 against Robertson's fastball in his last 3 outings"
2012-08-27,2012-08-26_1043,p,8583,John,Axford,8,na,na,16,4,"Struck out 9 batters in 23 at-bats (39%) against the Cubs since last season."
2012-08-27,2012-08-26_1043,p,8958,Tony,Watson,23,na,na,24,2,"Current Cardinals are hitting .455 (10-for-22) against Watson since last season."
2012-08-27,2012-08-26_1043,p,8251,Chris,Perez,5,na,na,11,5,"Opponents have struck out 3 times in 9 ABs against Perez in his last 3 outings"
2012-08-27,2012-08-26_1043,p,8207,Darren,O'Day,1,na,na,4,4,"Current White Sox are only 1 for 5 against O'Day since last year."
2012-08-27,2012-08-26_1043,p,8695,James,Russell,16,na,na,8,4,"Current Brewers have struck out 5 times in 15 at-bats (33%) against Russell since last season."
2012-08-27,2012-08-26_1043,p,8931,Everett,Teaford,7,na,na,2,3,"Current Red Sox are batting .313 in 16 at-bats against Teaford since last season."
2012-08-27,2012-08-26_1043,p,9141,Nathan,Jones,4,na,na,1,5,"Current Orioles are just 1 for 5 against Jones's fastball since last year."
2012-08-27,2012-08-26_1043,p,8976,Hector,Santiago,4,na,na,1,1,"Opponents are batting .300 (3-for-10) against Santiago's off-speed pitches in his last 3 outings"
2012-08-27,2012-08-26_1043,p,8773,Greg,Holland,7,na,na,2,4,"Current Red Sox are hitting just .100 (1-for-10) against Holland since last season."
2012-08-27,2012-08-26_1043,p,8788,Matthew,Reynolds,27,na,na,19,1,"Current Dodgers are 3 for 8 against Reynolds's fastball since last season."
2012-08-27,2012-08-26_1043,p,8535,Casey,Fien,9,na,na,12,5,"Opponents are hitting just .091 (1-for-11) against Fien in his last 3 outings"
2012-08-27,2012-08-26_1043,p,8565,Pedro,Strop,1,na,na,4,5,"Opponents have struck out 4 times in 9 ABs against Strop in his last 3 outings"
2012-08-27,2012-08-26_1043,p,8841,Vinnie,Pestano,5,na,na,11,4,"Current Athletics have 18 strikeouts in 59 at-bats (31%) against pitchers with similar repertoires as Pestano since last year."
2012-08-27,2012-08-26_1043,p,8248,Alex,Hinshaw,16,na,na,8,5,"A few key hitters in the Brewers lineup struggle against pitchers like Hinshaw."
2012-08-27,2012-08-26_1043,p,8698,Alex,Burnett,9,na,na,12,5,"Opponents are hitting .167 in 18 at-bats against Burnett in his last 3 outings"
2012-08-27,2012-08-26_1043,p,9133,Lucas,Luetge,12,na,na,9,4,"Opponents are 1 for 7 against Luetge in his last 3 outings"
2012-08-27,2012-08-26_1043,p,8622,Craig,Kimbrel,15,na,na,25,5,"Opponents are 0 for 9 against Kimbrel in his last 3 outings"
2012-08-27,2012-08-26_1043,p,9145,Lendy,Castillo,16,na,na,8,4,"Current Brewers have 3 strikeouts in 13 at-bats (23%) against Castillo since last year."
2012-08-27,2012-08-26_1043,p,8440,Andrew,Bailey,2,na,na,7,5,"Current Royals are hitting only .083 in 12 at-bats against Bailey since last year."
2012-08-27,2012-08-26_1043,p,9040,Brad,Brach,25,na,na,15,5,"Opponents are only 1 for 8 against Brach in his last 3 outings"
2012-08-27,2012-08-26_1043,p,8523,Marc,Rzepczynski,24,na,na,23,3,"Current Pirates are batting .286 (8-for-28) against Rzepczynski since last year."
2012-08-27,2012-08-26_1043,p,8888,Tim,Collins,7,na,na,2,1,"Current Red Sox are 3 for 8 against Collins since last season."
2012-08-27,2012-08-26_1043,p,8997,Ryan,Cook,11,na,na,5,4,"Opponents are batting .100 in 10 at-bats against Cook's fastball in his last 3 outings"
2012-08-27,2012-08-26_1043,p,9089,Kelvin,Herrera,7,na,na,2,5,"Most hitters in the Red Sox lineup struggle against pitchers like Herrera."
2012-08-27,2012-08-26_1043,p,9270,Thomas,Layne,25,na,na,15,5,"Opponents are 0 for 7 against Layne in his last 3 outings"
2012-08-27,2012-08-26_1043,p,8962,Bryan,Shaw,29,na,na,17,1,"Struck out none of the Reds he has faced in his last 3 outings"
2012-08-27,2012-08-26_1043,p,8911,Cody,Eppley,10,na,na,14,4,"Current Blue Jays have 3 strikeouts in 11 at-bats (27%) against Eppley this season."
2012-08-27,2012-08-26_1043,p,9256,Cory,Burns,25,na,na,15,5,"Current Braves have struck out 2 times in 7 ABs against Burns since last season."
2012-08-27,2012-08-26_1043,p,9236,Aaron,Loup,14,na,na,10,3,"Matchup data very neutral, but favors the Yankees slightly."
2012-08-27,2012-08-26_1043,p,8944,Rex,Brothers,27,na,na,19,5,"Opponents are just 1 for 9 against Brothers's fastball in his last 3 outings"
2012-08-27,2012-08-26_1043,p,9139,Robert,Ross,13,na,na,30,5,"Current Rays are 0 for 4 against Ross since last season."
2012-08-27,2012-08-26_1043,p,8616,Aroldis,Chapman,17,na,na,29,5,"Current Diamondbacks are batting only .083 (1-for-12) against Chapman's fastball since last year."
2012-08-27,2012-08-26_1043,p,8662,Aaron,Crow,7,na,na,2,5,"Current Red Sox are hitting .181 (17-for-94) against pitchers with similar repertoires as Crow since last season."
2012-08-27,2012-08-26_1043,p,9250,Carter,Capps,12,na,na,9,5,"Opponents are just 1 for 8 against Capps's fastball in his last 3 outings"
2012-08-27,2012-08-26_1043,p,9261,Chad,Jenkins,14,na,na,10,5,"Most hitters in the Yankees lineup struggle against pitchers like Jenkins."
2012-08-27,2012-08-26_1043,p,8909,Louis,Coleman,7,na,na,2,1,"Current Red Sox are 3 for 9 against Coleman's fastball since last year."
2012-08-27,2012-08-26_1043,p,8913,Evan,Scribner,11,na,na,5,1,"Current Indians are 3 for 5 against Scribner since last year."
2012-08-27,2012-08-26_1043,p,9202,Stephen,Pryor,12,na,na,9,1,"Current Twins are 2 for 6 against Pryor since last year."
2012-08-27,2012-08-26_1043,p,9053,Addison,Reed,4,na,na,1,5,"Opponents have struck out 4 times in 12 at-bats (33%) against Reed in his last 3 outings"
2012-08-27,2012-08-26_1043,p,8883,Tom,Wilhelmsen,12,na,na,9,2,"Opponents are hitting .455 (5-for-11) against Wilhelmsen in his last 3 outings"
2012-08-27,2012-08-26_1043,p,8973,Josh,Spence,25,na,na,15,5,"Current Braves are 0 for 7 against Spence since last year."
2012-08-27,2012-08-26_1043,p,9066,Steve,Delabar,14,na,na,10,1,"Current Yankees are batting .333 (6-for-18) against Delabar since last year."
